year,BASIN_NAME,PCP,AETI,RET,TWS
2018,Roobee,665.5797,384.17783,1639.163,547.8755
2019,Roobee,638.408,390.26593,1682.348,549.3255
2020,Roobee,684.40173,398.06052,1626.3735,550.9632
2021,Roobee,533.58185,423.1173,1727.2985,533.8214
2022,Roobee,569.8507,373.43512,1653.1285,578.22943
2023,Roobee,625.77386,396.36038,1651.7593,557.8159
2024,Roobee,495.644,397.36142,1682.7358,526.7447
2025,Roobee,549.25476,348.07877,1722.8286,517.3095
2018,Jerusalem_Desert,488.1612,192.59438,1669.4757,585.96136
2019,Jerusalem_Desert,406.60983,191.6197,1715.2804,587.79877
2020,Jerusalem_Desert,411.3031,207.21165,1667.5112,588.88385
2021,Jerusalem_Desert,333.76086,197.21584,1762.7345,573.21985
2022,Jerusalem_Desert,399.19394,170.29451,1699.224,615.59766
2023,Jerusalem_Desert,448.53955,182.80853,1688.3162,598.0596
2024,Jerusalem_Desert,287.29822,183.80484,1723.5992,571.8487
2025,Jerusalem_Desert,353.77448,162.74849,1751.8751,564.89453
2018,Sakreer,613.9174,377.8023,1558.1464,527.9709
2019,Sakreer,468.60687,422.12137,1601.9077,529.90936
2020,Sakreer,499.4695,425.2516,1493.3483,536.34937
2021,Sakreer,424.17908,432.6633,1656.8429,519.5245
2022,Sakreer,564.35767,375.53998,1542.7802,564.52795
2023,Sakreer,506.41614,396.66522,1579.9235,545.8771
2024,Sakreer,368.86182,366.60135,1616.1611,514.9679
2025,Sakreer,490.946,293.2709,1670.1904,505.13705
2018,Ash_Shalala,455.91486,290.24023,1587.4431,588.09033
2019,Ash_Shalala,329.76175,299.3977,1639.6073,590.0537
2020,Ash_Shalala,346.80554,323.157,1526.8707,594.4139
2021,Ash_Shalala,298.5195,282.3832,1694.5089,577.865
2022,Ash_Shalala,411.06042,249.01381,1582.5123,615.6889
2023,Ash_Shalala,408.66223,278.89413,1612.5828,597.9279
2024,Ash_Shalala,238.09395,262.6642,1648.4082,570.42926
2025,Ash_Shalala,338.62076,214.47423,1696.5176,561.74243
2018,Al_hassa,467.41058,302.0387,1571.1875,474.62103
2019,Al_hassa,335.62878,325.23373,1623.4375,473.67505
2020,Al_hassa,342.58728,355.06577,1505.25,485.01358
2021,Al_hassa,309.39514,308.25674,1674.4375,468.63806
2022,Al_hassa,416.65942,270.53293,1560.25,493.18674
2023,Al_hassa,401.8463,294.11642,1593.875,468.55933
2024,Al_hassa,244.2118,243.29622,1630.625,435.49466
2025,Al_hassa,354.32358,212.88509,1681.625,424.86035
2018,Al_Moqatta',719.5665,445.43185,1384.7428,546.0925
2019,Al_Moqatta',655.78076,495.30505,1403.0419,538.3315
2020,Al_Moqatta',499.89694,493.08887,1524.4801,540.1377
2021,Al_Moqatta',533.6234,506.3041,1658.9797,520.1265
2022,Al_Moqatta',470.58984,471.00266,1574.2273,519.7678
2023,Al_Moqatta',530.64636,450.02094,1596.2178,507.01575
2024,Al_Moqatta',467.7551,462.84912,1579.1819,485.60324
2025,Al_Moqatta',385.72015,414.87268,1662.3477,503.82977
2018,Al_Khodera,868.8638,451.62466,1451.782,543.11725
2019,Al_Khodera,772.36896,494.8517,1475.7567,535.8517
2020,Al_Khodera,589.0997,504.13727,1500.5793,538.8247
2021,Al_Khodera,648.85156,531.91583,1639.5784,517.5417
2022,Al_Khodera,584.0156,483.73593,1544.0598,515.5739
2023,Al_Khodera,618.0886,468.39203,1575.8314,503.3561
2024,Al_Khodera,560.99176,463.31253,1561.6571,483.94794
2025,Al_Khodera,512.16644,415.47467,1644.389,502.14307
2018,Wadi_Shobash,552.8366,401.97964,1412.4336,531.09784
2019,Wadi_Shobash,489.08655,477.0484,1426.8473,529.96893
2020,Wadi_Shobash,342.17007,462.0445,1507.7631,534.6635
2021,Wadi_Shobash,342.6876,461.2103,1638.7881,507.68854
2022,Wadi_Shobash,320.01065,428.6397,1560.681,508.24982
2023,Wadi_Shobash,421.0183,433.744,1580.3666,493.55215
2024,Wadi_Shobash,249.59523,433.20706,1570.6432,467.50854
2025,Wadi_Shobash,252.96144,376.84113,1650.1876,482.09763
2018,Iskanderon,882.93695,397.17856,1503.1819,550.49506
2019,Iskanderon,764.94385,452.58194,1527.8018,546.50354
2020,Iskanderon,693.2584,458.71628,1490.1979,553.548
2021,Iskanderon,652.3047,481.27148,1629.3447,529.22894
2022,Iskanderon,602.498,440.68832,1535.611,528.5972
2023,Iskanderon,632.8651,426.3409,1570.7184,513.73267
2024,Iskanderon,571.05035,428.92508,1564.3335,492.29022
2025,Iskanderon,543.55695,381.6342,1640.605,506.34042
2018,Marj_Sanur,779.5681,509.2722,1456.4614,557.13824
2019,Marj_Sanur,722.8317,534.3934,1479.164,555.1985
2020,Marj_Sanur,536.07983,551.16626,1489.8671,560.3504
2021,Marj_Sanur,558.5632,581.48346,1619.8522,533.21747
2022,Marj_Sanur,533.32263,537.78156,1536.7113,533.5393
2023,Marj_Sanur,574.0973,519.7389,1553.6072,518.9366
2024,Marj_Sanur,457.1944,516.8207,1554.6564,494.48816
2025,Marj_Sanur,443.16083,481.08737,1626.5306,508.98523
2018,Al_Maleh,464.23505,291.79388,1474.2092,485.2723
2019,Al_Maleh,416.64008,367.49655,1484.4098,486.21286
2020,Al_Maleh,282.29623,373.90384,1494.7175,490.00296
2021,Al_Maleh,282.41577,329.38696,1611.8634,462.9758
2022,Al_Maleh,248.38228,316.68918,1540.9019,465.77725
2023,Al_Maleh,364.9231,329.06238,1559.2076,451.0435
2024,Al_Maleh,204.2457,340.97397,1566.3282,421.55026
2025,Al_Maleh,218.74982,271.86395,1636.4545,433.91766
2018,Al_Far'a,511.8905,351.95825,1493.1328,578.3415
2019,Al_Far'a,452.07507,398.62473,1513.2823,586.4002
2020,Al_Far'a,368.93338,410.8828,1494.8083,599.42236
2021,Al_Far'a,337.51147,391.88824,1619.4547,565.6343
2022,Al_Far'a,307.78436,378.90335,1539.2256,571.34174
2023,Al_Far'a,414.4706,376.69183,1555.8373,550.7643
2024,Al_Far'a,289.9066,371.37598,1564.5471,519.5112
2025,Al_Far'a,283.82925,330.6752,1632.0837,522.6044
2018,Auja_Fasayel,450.37457,251.47366,1576.3657,591.9015
2019,Auja_Fasayel,419.78787,282.05603,1602.763,597.5208
2020,Auja_Fasayel,379.24194,290.35294,1552.5402,604.54443
2021,Auja_Fasayel,316.00964,290.14844,1667.7418,580.16223
2022,Auja_Fasayel,290.90787,276.46442,1585.1837,609.5003
2023,Auja_Fasayel,402.24286,285.335,1595.6124,589.8797
2024,Auja_Fasayel,277.99835,283.98315,1622.8257,559.60364
2025,Auja_Fasayel,264.94672,253.08643,1675.1279,554.28845
2018,Al_Qilt,548.05414,246.82904,1641.5703,602.6483
2019,Al_Qilt,544.4057,267.2365,1681.6223,603.3648
2020,Al_Qilt,526.64233,278.99243,1626.6373,603.4682
2021,Al_Qilt,425.14954,284.2385,1725.3953,587.55524
2022,Al_Qilt,414.01,251.73157,1652.7415,631.5659
2023,Al_Qilt,520.8933,267.8443,1649.9088,613.0572
2024,Al_Qilt,387.31592,256.59033,1681.2941,584.96387
2025,Al_Qilt,405.0258,235.65175,1721.6481,577.4451
2018,Auja_Tamaseeh,735.71747,432.9177,1549.7537,561.0459
2019,Auja_Tamaseeh,654.9608,464.64478,1580.0774,562.2757
2020,Auja_Tamaseeh,729.01135,469.1535,1504.6829,572.17334
2021,Auja_Tamaseeh,585.9349,486.14337,1645.7583,546.8506
2022,Auja_Tamaseeh,542.93933,456.27924,1544.6786,560.7173
2023,Auja_Tamaseeh,611.44354,461.2715,1580.6759,540.61554
2024,Auja_Tamaseeh,539.0419,455.35974,1591.3185,513.12585
2025,Auja_Tamaseeh,548.229,412.5507,1660.3591,514.9242
